{"min": {"HT": 0.0, "MET": -5.6175105957552314e-09, "METPhi": 0.5000002276733634, "METSig": -2.5225115047199964e-06, "Njet": 0.0, "Nlep": -1.3333333333333333, "Wlep1_ambiguous": 0.5, "Wlep1_dphi": 0.49999988616347385, "Wlep1_eta": 0.4999990065864203, "Wlep1_phi": 0.5000004743192371, "Wlep1_pid": 0.5, "Wlep1_pt": -2.2108593358426447e-06, "Wlep2_ambiguous": 0.5, "Wlep2_dphi": 0.5000000379455001, "Wlep2_eta": 0.5000030685590714, "Wlep2_phi": 0.49999937389851196, "Wlep2_pid": 0.5, "Wlep2_pt": -0.0046932886435576025, "Zcand_mass": -1.7797184331005171, "Zlep1_ambiguous": 0.5, "Zlep1_dphi": 0.5025239164242741, "Zlep1_eta": 0.5000012141760126, "Zlep1_phi": 0.500000739938403, "Zlep1_pid": 0.5, "Zlep1_pt": -0.0040444771124760635, "Zlep2_ambiguous": 0.5, "Zlep2_dphi": 0.499999886163396, "Zlep2_eta": 0.49999397322815226, "Zlep2_phi": 0.49999982924511355, "Zlep2_pid": 0.5, "Zlep2_pt": -0.005767368612033776, "chisq": -6.423109254945163e-13, "eta_1": 0.5000032230983653, "eta_2": 0.49999421606996525, "eta_3": 0.4999937966172623, "eta_4": 0.5000004635928401, "jet_btagCont_1": 0.5, "jet_btagCont_2": 0.5, "jet_btagCont_3": 0.5, "jet_btagCont_4": 0.5, "jet_eta_1": 0.6896551724137931, "jet_eta_2": 0.6896554899273859, "jet_eta_3": 0.6896556713638559, "jet_eta_4": 0.6896631783814913, "jet_m_1": 4.7183098259273955e-07, "jet_m_2": 4.436447695006781e-07, "jet_m_3": 1.036267685041463e-06, "jet_m_4": 1.3237845525887101e-06, "jet_phi_1": 0.7609429507954507, "jet_phi_2": 0.7609429922112044, "jet_phi_3": 0.7609433649531915, "jet_phi_4": 0.7609430750427255, "jet_pt_1": 0.0, "jet_pt_2": 0.0, "jet_pt_3": 0.0, "jet_pt_4": 0.0, "lep1_ambiguous": 0.5, "lep1_pid": 0.5, "lep2_ambiguous": 0.5, "lep2_pid": 0.5, "lep3_ambiguous": 0.5, "lep3_pid": 0.5, "lep4_ambiguous": 0.5, "lep4_pid": 0.5, "leptonic_HT": -1.7117475547079365e-05, "mass_4l": -0.00155654026064008, "other_mass": -5.240549403392451e-08, "phi_1": 0.5000010624763409, "phi_2": 0.5000001897280044, "phi_3": 0.49999982924511355, "phi_4": 0.49999941184410135, "pt_1": -8.290829219092803e-06, "pt_2": -0.011020500810707807, "pt_3": -0.012822189179576407, "pt_4": -0.012828603885503538, "pt_4l": -2.080191468684934e-09, "total_HT": -1.738406001952183e-05}, "scale": {"HT": 2.032462903995192e-07, "MET": 2.763527913484191e-10, "METPhi": 0.15915521646728045, "METSig": 0.0019211528821592482, "Njet": 0.017857142857142856, "Nlep": 0.3333333333333333, "Wlep1_ambiguous": 0.5, "Wlep1_dphi": 0.15915499905515684, "Wlep1_eta": 0.18518571337051232, "Wlep1_phi": 0.15915512587882344, "Wlep1_pid": 0.038461538461538464, "Wlep1_pt": 2.7634923647619907e-10, "Wlep2_ambiguous": 0.5, "Wlep2_dphi": 0.15915496281986063, "Wlep2_eta": 0.18518661276422557, "Wlep2_phi": 0.15915515003573522, "Wlep2_pid": 0.038461538461538464, "Wlep2_pt": 7.822135644489132e-07, "Zcand_mass": 2.500039063110361e-05, "Zlep1_ambiguous": 0.5, "Zlep1_dphi": 0.3200215468608936, "Zlep1_eta": 0.18518630206359146, "Zlep1_phi": 0.15915521042804678, "Zlep1_pid": 0.038461538461538464, "Zlep1_pt": 4.6917429081418274e-07, "Zlep2_ambiguous": 0.5, "Zlep2_dphi": 0.1591551077611444, "Zlep2_eta": 0.1851876429895773, "Zlep2_phi": 0.1591550896434695, "Zlep2_pid": 0.038461538461538464, "Zlep2_pt": 1.1446854668067604e-06, "chisq": 1.0000010000016422e-06, "eta_1": 0.1851870461115879, "eta_2": 0.18518748763740145, "eta_3": 0.18518770840109774, "eta_4": 0.1851856479604012, "jet_btagCont_1": 0.25, "jet_btagCont_2": 0.25, "jet_btagCont_3": 0.25, "jet_btagCont_4": 0.25, "jet_eta_1": 0.06896551724137931, "jet_eta_2": 0.06896554899273859, "jet_eta_3": 0.06896556713638559, "jet_eta_4": 0.06896631783814913, "jet_m_1": 3.7746478607419164e-06, "jet_m_2": 3.1744635132822466e-06, "jet_m_3": 8.290141480331704e-06, "jet_m_4": 1.729384834782424e-05, "jet_phi_1": 0.07609429507954507, "jet_phi_2": 0.07609429922112045, "jet_phi_3": 0.07609433649531915, "jet_phi_4": 0.07609430750427255, "jet_pt_1": 4.35400451401418e-07, "jet_pt_2": 4.908885862697112e-07, "jet_pt_3": 9.085500121007504e-07, "jet_pt_4": 2.281324365827472e-06, "lep1_ambiguous": 0.5, "lep1_pid": 0.038461538461538464, "lep2_ambiguous": 0.5, "lep2_pid": 0.038461538461538464, "lep3_ambiguous": 0.5, "lep3_pid": 0.038461538461538464, "lep4_ambiguous": 0.5, "lep4_pid": 0.038461538461538464, "leptonic_HT": 2.7634432377703723e-10, "mass_4l": 1.8782080387578746e-08, "other_mass": 5.1245026153179266e-08, "phi_1": 0.1591553130950816, "phi_2": 0.15915538556600947, "phi_3": 0.1591550896434695, "phi_4": 0.1591551379572784, "pt_1": 2.763509166675194e-10, "pt_2": 7.34636682067777e-07, "pt_3": 1.6027262034645874e-06, "pt_4": 2.138097341606588e-06, "pt_4l": 2.7635089394257577e-10, "total_HT": 2.7633616738669873e-10}}