{
  "min": {
    "sr_SF_inZ": 0.0,
    "sr_SF_noZ": 0.0,
    "sr_DF": 0.0,
    "HT": 0.0,
    "Njet": 0.0,
    "MET": -2.3697211704962609e-07,
    "METPhi": 0.5000000948637611,
    "METSig": -3.3913495807327267e-07,
    "Wlep1_dphi": 0.49999999999999994,
    "Wlep1_eta": 0.49999421606996525,
    "Wlep1_phi": 0.49999999999999994,
    "Wlep1_pt": -0.0005856708471965281,
    "Wlep2_dphi": 0.5000000758910059,
    "Wlep2_eta": 0.5000012141735467,
    "Wlep2_phi": 0.49999996205449987,
    "Wlep2_pt": -0.001159716677055731,
    "Zcand_mass": -1.7797309050957892,
    "Zlep1_dphi": 0.5006801138241181,
    "Zlep1_eta": 0.4999997571655051,
    "Zlep1_phi": 0.500000531237606,
    "Zlep1_pt": -0.0038633837752062713,
    "Zlep2_dphi": 0.4999999241089365,
    "Zlep2_eta": 0.49999759372390207,
    "Zlep2_phi": 0.4999998102723412,
    "Zlep2_pt": -0.006980456089837942,
    "leptonic_HT": -0.005089407551655657,
    "mass_4l": -0.017736663654216858,
    "other_mass": -0.00022473685631737826,
    "pt_4l": -1.9528962291011105e-06,
    "total_HT": -0.005061620517983248
  },
  "scale": {
    "sr_SF_inZ": 1.0,
    "sr_SF_noZ": 1.0,
    "sr_DF": 1.0,
    "HT": 0.00019277431417808017,
    "MET": 8.503394195915397e-05,
    "METPhi": 0.15915498093750668,
    "METSig": 0.001316767567889749,
    "Njet": 0.037037037037037035,
    "Wlep1_dphi": 0.15915497489829086,
    "Wlep1_eta": 0.18518748763740145,
    "Wlep1_phi": 0.15915497489829086,
    "Wlep1_pt": 8.366154209897355e-05,
    "Wlep2_dphi": 0.15915497489829086,
    "Wlep2_eta": 0.1851859259536925,
    "Wlep2_phi": 0.15915496281986063,
    "Wlep2_pt": 0.0001932846074763336,
    "Zcand_mass": 0.025000572217686867,
    "Zlep1_dphi": 0.3198703894318945,
    "Zlep1_eta": 0.18518576242812596,
    "Zlep1_phi": 0.15915514399650657,
    "Zlep1_pt": 0.00046908968756554016,
    "Zlep2_dphi": 0.159155095682694,
    "Zlep2_eta": 0.18518630206359146,
    "Zlep2_phi": 0.159155095682694,
    "Zlep2_pt": 0.001163382720589025,
    "leptonic_HT": 8.216333614309539e-05,
    "mass_4l": 0.0002084150243788431,
    "other_mass": 0.00023035604627831283,
    "pt_4l": 8.468029033422175e-05,
    "total_HT": 8.091716055436044e-05
  }
}
